Company,Ticker,Shares Outstanding,Market Cap
3M Co,MMM,"605,038,000.00","101,271,260,440.00"
AES Corp,AES,"659,733,000.00","7,362,620,280.00"
AFLAC Inc,AFL,"420,001,000.00","28,967,468,970.00"
AGL Resources,GAS,"120,384,000.00","7,928,490,240.00"
AMETEK Inc,AME,"235,538,000.00","11,327,022,420.00"
AT&T Inc,T,"6,151,209,000.00","238,789,933,380.00"
AbbVie Inc.,ABBV,"1,611,238,000.00","98,285,518,000.00"
Abbott Laboratories,ABT,"1,473,242,000.00","57,309,113,800.00"
Accenture plc A,ACN,"627,914,000.00","70,904,048,880.00"
Activision Blizzard Inc,ATVI,"734,998,000.00","25,335,381,060.00"
Adobe Systems Inc,ADBE,"498,330,000.00","46,952,652,600.00"
Advance Auto Parts Inc,AAP,"73,322,000.00","11,445,564,200.00"
Aetna Inc,AET,"349,600,000.00","39,249,592,000.00"
Affiliated Managers Grp,AMG,"53,992,000.00","9,195,917,440.00"
Agilent Technologies Inc,A,"327,770,000.00","13,412,348,400.00"
Air Products & Chemicals Inc,APD,"215,650,000.00","31,461,178,500.00"
Airgas Inc,ARG,"72,428,000.00","10,316,644,320.00"
Akamai Technologies Inc,AKAM,"176,748,000.00","9,012,380,520.00"
Alcoa Inc,AA,"1,314,846,000.00","14,686,829,820.00"
Alexion Pharmaceuticals Inc,ALXN,"225,291,000.00","31,378,530,480.00"
Allegion plc,ALLE,"96,097,000.00","6,289,548,650.00"
Allergan plc,AGN,"394,687,000.00","85,473,416,720.00"
Alliance Data Systems Corp,ADS,"59,261,000.00","12,048,353,910.00"
Allstate Corp,ALL,"378,300,000.00","24,608,415,000.00"
Alphabet Inc A,GOOGL,"292,581,000.00","207,112,238,280.00"
Alphabet Inc C,GOOG,"345,539,000.00","239,461,982,390.00"
Altria Group Inc,MO,"1,957,932,000.00","122,781,915,720.00"
Amazon.com Inc,AMZN,"470,842,000.00","310,562,674,780.00"
Ameren Corp,AEE,"242,635,000.00","11,646,480,000.00"
American Airlines Group Inc.,AAL,"603,018,000.00","20,918,694,420.00"
American Electric Power,AEP,"491,053,000.00","31,181,865,500.00"
American Express Co,AXP,"964,045,000.00","63,077,464,350.00"
American Intl Group Inc,AIG,"1,149,448,000.00","64,162,187,360.00"
American Tower Corp A,AMT,"423,898,000.00","44,458,422,240.00"
American Water Works Co Inc,AWK,"178,009,000.00","12,951,934,840.00"
Ameriprise Financial Inc,AMP,"168,971,000.00","16,204,318,900.00"
AmerisourceBergen Corp,ABC,"225,425,000.00","19,183,667,500.00"
Amgen Inc,AMGN,"752,091,000.00","119,056,005,300.00"
Amphenol Corp A,APH,"308,038,000.00","17,197,761,540.00"
Anadarko Petroleum Corp,APC,"508,439,000.00","26,825,241,640.00"
Analog Devices Inc,ADI,"310,019,000.00","17,460,270,080.00"
Anthem Inc,ANTM,"261,352,000.00","36,790,521,040.00"
Aon plc,AON,"270,082,000.00","28,391,019,840.00"
Apache Corp,APA,"378,298,000.00","20,579,411,200.00"
Apartment Investment & Mgmt,AIV,"156,600,000.00","6,273,396,000.00"
Apple Inc.,AAPL,"5,544,583,000.00","519,749,210,420.00"
Applied Materials Inc,AMAT,"1,130,725,000.00","23,145,940,750.00"
Archer-Daniels-Midland Co,ADM,"595,329,000.00","23,777,440,260.00"
Assurant Inc,AIZ,"64,777,000.00","5,478,190,890.00"
AutoNation Inc,AN,"107,225,000.00","5,430,946,250.00"
AutoZone Inc,AZO,"30,208,000.00","23,116,067,840.00"
Autodesk Inc,ADSK,"225,323,000.00","13,478,821,860.00"
Automatic Data Processing,ADP,"457,451,000.00","40,456,966,440.00"
AvalonBay Communities Inc,AVB,"137,003,000.00","24,220,760,370.00"
Avery Dennison Corp,AVY,"89,431,000.00","6,493,584,910.00"
BB&T Corp,BBT,"811,938,000.00","28,726,366,440.00"
Baker Hughes Inc,BHI,"437,854,000.00","21,174,619,440.00"
Ball Corp,BLL,"141,713,000.00","10,115,473,940.00"
Bank of America Corp,BAC,"10,325,631,000.00","150,341,187,360.00"
Bard C.R. Inc,BCR,"73,735,000.00","15,644,354,950.00"
Baxalta Inc,BXLT,"681,241,000.00","28,578,059,950.00"
Baxter Intl Inc,BAX,"547,872,000.00","24,226,899,840.00"
Becton Dickinson & Co,BDX,"211,817,000.00","34,157,609,420.00"
Bed Bath & Beyond Inc,BBBY,"163,587,000.00","7,724,578,140.00"
Berkshire Hathaway B,BRK.B,"2,465,196,000.00","358,636,714,080.00"
Best Buy Co Inc,BBY,"323,828,000.00","10,388,402,240.00"
Biogen Inc,BIIB,"218,673,000.00","60,132,888,270.00"
BlackRock Inc,BLK,"163,942,000.00","58,417,452,860.00"
Block H & R Inc,HRB,"235,950,000.00","4,775,628,000.00"
Boeing Co,BA,"662,504,000.00","89,305,539,200.00"
Borgwarner Inc,BWA,"218,639,000.00","7,853,512,880.00"
Boston Properties Inc,BXP,"153,592,000.00","19,791,865,120.00"
Boston Scientific Corp,BSX,"1,348,346,000.00","29,555,744,320.00"
Bristol-Myers Squibb,BMY,"1,669,459,000.00","120,501,550,620.00"
Broadcom Limited,AVGO,"390,316,000.00","56,888,557,000.00"
Brown-Forman Corp B,BF.B,"115,518,000.00","11,126,693,760.00"
CA Inc,CA,"416,763,000.00","12,361,190,580.00"
CBRE Group Inc.,CBG,"334,241,000.00","9,903,560,830.00"
CBS Corp B,CBS,"421,814,000.00","23,583,620,740.00"
CF Industries Holdings,CF,"233,083,000.00","7,708,054,810.00"
CH Robinson Worldwide Inc,CHRW,"143,243,000.00","10,165,955,710.00"
CME Group Inc A,CME,"338,413,000.00","31,103,538,830.00"
CMS Energy Corp,CMS,"277,167,000.00","11,275,153,560.00"
CSRA Inc,CSRA,"162,230,000.00","4,211,490,800.00"
CSX Corporation,CSX,"963,150,000.00","26,265,100,500.00"
CVS Health Corporation,CVS,"1,098,491,000.00","110,398,345,500.00"
Cablevision Systems Co A,CVC,"222,522,000.00","7,430,009,580.00"
Cabot Oil & Gas A,COG,"458,060,000.00","10,718,604,000.00"
Campbell Soup Co,CPB,"310,031,000.00","19,132,013,010.00"
Capital One Financial,COF,"527,380,000.00","38,177,038,200.00"
Cardinal Health Inc,CAH,"329,330,000.00","25,839,231,800.00"
Carmax Inc,KMX,"195,729,000.00","10,363,850,550.00"
Carnival Corp,CCL,"577,745,000.00","28,338,392,250.00"
Caterpillar Inc,CAT,"582,322,000.00","45,258,065,840.00"
Celgene Corp,CELG,"781,665,000.00","80,831,977,650.00"
Centene Corp,CNC,"169,943,348.00","10,529,689,842.08"
Centerpoint Energy Inc,CNP,"430,272,000.00","9,229,334,400.00"
CenturyLink Inc,CTL,"543,853,000.00","16,832,250,350.00"
Cerner Corp,CERN,"340,017,000.00","19,088,554,380.00"
Chesapeake Energy Corp,CHK,"663,358,000.00","4,557,269,460.00"
Chevron Corp,CVX,"1,883,156,000.00","192,420,880,080.00"
Chipotle Mexican Grill Inc.,CMG,"30,044,000.00","12,647,622,680.00"
Chubb Limited,CB,"460,846,000.00","54,315,309,560.00"
Church & Dwight Co,CHD,"129,725,000.00","12,025,507,500.00"
Cigna Corporation,CI,"255,766,000.00","35,433,821,640.00"
Cimarex Energy Co,XEC,"94,820,000.00","10,324,001,600.00"
Cincinnati Financial Corp,CINF,"164,340,000.00","10,848,083,400.00"
Cintas Corp,CTAS,"108,130,000.00","9,707,911,400.00"
Cisco Systems Inc,CSCO,"5,032,121,000.00","138,333,006,290.00"
Citigroup Inc,C,"2,948,120,000.00","136,438,993,600.00"
Citizens Financial Group Inc,CFG,"527,812,000.00","12,060,504,200.00"
Citrix Systems Inc,CTXS,"153,980,000.00","12,601,723,200.00"
Clorox Co,CLX,"129,446,000.00","16,210,522,580.00"
Coach Inc,COH,"277,696,000.00","11,182,817,920.00"
Coca-Cola Co,KO,"4,329,498,000.00","193,961,510,400.00"
Coca-Cola Enterprises,CCE,"227,338,000.00","11,930,698,240.00"
Cognizant Tech Solutions Corp,CTSH,"609,120,000.00","35,554,334,400.00"
Colgate-Palmolive Co,CL,"892,739,000.00","63,313,049,880.00"
Columbia Pipeline Group,CPGX,"399,841,000.00","10,243,926,420.00"
Comcast Corp A,CMCSA,"2,432,954,000.00","147,826,285,040.00"
Comerica Inc (MI),CMA,"174,878,000.00","7,764,583,200.00"
ConAgra Foods Inc,CAG,"434,130,000.00","19,344,832,800.00"
Concho Resources Inc,CXO,"129,138,000.00","15,001,961,460.00"
ConocoPhillips,COP,"1,236,203,000.00","59,078,141,370.00"
Consolidated Edison Inc,ED,"293,589,000.00","21,901,739,400.00"
Constellation Brands Inc A,STZ,"175,887,000.00","27,448,925,220.00"
Corning Inc,GLW,"1,112,837,000.00","20,776,666,790.00"
Costco Wholesale Corp,COST,"439,777,000.00","65,144,167,010.00"
Crown Castle Intl Corp,CCI,"333,771,000.00","28,998,024,480.00"
Cummins Inc,CMI,"174,321,000.00","20,400,786,630.00"
DTE Energy Co,DTE,"179,476,000.00","16,002,080,160.00"
DaVita HealthCare Partners Inc,DVA,"209,754,000.00","15,500,820,600.00"
Danaher Corp,DHR,"687,155,000.00","66,482,246,250.00"
Darden Restaurants Inc,DRI,"128,236,000.00","7,982,691,000.00"
Deere & Co,DE,"315,326,000.00","26,522,069,860.00"
Delphi Automotive PLC,DLPH,"277,534,000.00","20,434,828,420.00"
Delta Air Lines,DAL,"778,510,000.00","32,440,511,700.00"
Dentsply Sirona Inc,XRAY,"241,274,000.00","14,379,930,400.00"
Devon Energy Corp,DVN,"510,300,000.00","17,697,204,000.00"
Diamond Offshore Drilling,DO,"137,159,000.00","3,327,477,340.00"
Discover Financial Services,DFS,"414,201,000.00","23,307,090,270.00"
Discovery Communications Inc A,DISCA,"150,093,000.00","4,099,039,830.00"
Discovery Communications Inc C,DISCK,"253,177,000.00","6,780,080,060.00"
Dollar General Corp,DG,"290,935,000.00","23,830,485,850.00"
Dollar Tree Inc,DLTR,"234,796,000.00","18,715,589,160.00"
Dominion Resources Inc,D,"596,419,000.00","42,626,065,930.00"
Dover Corp,DOV,"155,009,000.00","10,184,091,300.00"
Dow Chemical,DOW,"1,117,112,000.00","58,771,262,320.00"
Dr Pepper Snapple Group,DPS,"187,350,000.00","17,031,988,500.00"
Duke Energy Corp,DUK,"688,380,000.00","54,230,576,400.00"
Dun & Bradstreet Corp,DNB,"36,171,000.00","3,993,640,110.00"
E*TRADE Financial Corp,ETFC,"282,709,000.00","7,118,612,620.00"
E. I. du Pont de Nemours and Company,DD,"871,681,000.00","57,452,494,710.00"
EMC Corp,EMC,"1,947,047,000.00","50,837,397,170.00"
EOG Resources,EOG,"549,883,000.00","45,431,333,460.00"
EQT Corporation,EQT,"159,672,000.00","11,193,007,200.00"
Eastman Chemical Co,EMN,"147,813,000.00","11,289,956,940.00"
Eaton Corp plc,ETN,"458,900,000.00","29,034,603,000.00"
Ecolab Inc,ECL,"296,002,000.00","34,034,309,960.00"
Edison Intl,EIX,"325,811,000.00","23,038,095,810.00"
Edwards Lifesciences Corp,EW,"214,598,000.00","22,792,453,580.00"
Electronic Arts,EA,"309,310,000.00","19,130,823,500.00"
Emerson Electric Co,EMR,"643,116,000.00","35,133,427,080.00"
Endo International plc,ENDP,"222,203,000.00","5,999,481,000.00"
Entergy Corp,ETR,"178,492,000.00","13,419,028,560.00"
Equifax Inc,EFX,"118,707,000.00","14,274,516,750.00"
Equinix Inc,EQIX,"68,900,000.00","22,761,115,000.00"
Equity Residential,EQR,"365,142,000.00","24,855,215,940.00"
Essex Property Trust,ESS,"65,412,000.00","14,420,075,400.00"
Estee Lauder Cos. A,EL,"221,917,000.00","21,275,182,790.00"
Eversource Energy,ES,"317,191,000.00","17,902,260,040.00"
Exelon Corp,EXC,"919,925,000.00","32,280,168,250.00"
Expedia,EXPE,"137,780,000.00","15,950,790,600.00"
Expeditors Intl of WA Inc,EXPD,"182,102,000.00","9,034,080,220.00"
Express Scripts Holding Co.,ESRX,"632,803,000.00","46,656,565,190.00"
Extra Space Storage Inc,EXR,"125,054,000.00","10,623,337,300.00"
Exxon Mobil Corp,XOM,"4,152,757,000.00","367,103,718,800.00"
F5 Networks Inc,FFIV,"68,754,000.00","7,201,981,500.00"
FLIR Systems Inc,FLIR,"137,559,000.00","4,155,657,390.00"
FMC Corp,FMC,"133,656,000.00","5,781,958,560.00"
FMC Technologies Inc,FTI,"226,906,000.00","6,918,363,940.00"
Facebook Inc A,FB,"2,294,940,000.00","269,839,045,200.00"
Fastenal Co,FAST,"288,522,000.00","13,499,944,380.00"
FedEx Corp,FDX,"275,615,000.00","45,506,792,650.00"
Federal Realty Invt Trust,FRT,"69,670,000.00","10,595,413,600.00"
Fidelity National Information,FIS,"324,816,000.00","21,372,892,800.00"
Fifth Third Bancorp (OH),FITB,"783,231,000.00","14,340,959,610.00"
First Solar Inc,FSLR,"101,768,000.00","5,682,725,120.00"
FirstEnergy Corp,FE,"423,651,000.00","13,806,786,090.00"
Fiserv Inc,FISV,"222,937,000.00","21,785,403,640.00"
Flowserve Corp,FLS,"130,070,000.00","6,348,716,700.00"
Fluor Corp,FLR,"138,918,000.00","7,593,257,880.00"
Foot Locker Inc,FL,"137,262,000.00","8,433,377,280.00"
Ford Motor Co,F,"3,898,661,000.00","52,865,843,160.00"
Franklin Resources Inc,BEN,"592,646,000.00","22,129,401,640.00"
Freeport-McMoRan Inc,FCX,"1,251,850,000.00","17,525,900,000.00"
Frontier Communications Corp,FTR,"1,168,179,000.00","6,495,075,240.00"
Gap Inc,GPS,"397,000,000.00","9,202,460,000.00"
Garmin Ltd,GRMN,"189,722,000.00","8,087,848,860.00"
General Dynamics,GD,"311,162,000.00","43,724,484,240.00"
General Electric Co,GE,"9,330,607,000.00","286,916,165,250.00"
General Growth Properties Inc,GGP,"882,397,000.00","24,733,587,910.00"
General Mills Inc,GIS,"593,345,000.00","36,395,782,300.00"
General Motors Company,GM,"1,544,493,000.00","49,114,877,400.00"
Genuine Parts Co,GPC,"149,516,000.00","14,349,050,520.00"
Gilead Sciences Inc,GILD,"1,366,846,000.00","120,569,485,660.00"
Global Payments Inc,GPN,"154,087,893.00","11,122,064,116.74"
Goldman Sachs Group Inc,GS,"422,350,000.00","69,311,858,500.00"
Goodyear Tire & Rubber Co,GT,"267,042,000.00","7,736,206,740.00"
Grainger W.W. Inc,GWW,"61,729,000.00","14,476,685,080.00"
HCA Holdings Inc,HCA,"396,958,000.00","32,002,753,960.00"
HCP Inc,HCP,"465,532,000.00","15,748,947,560.00"
HP Inc,HPQ,"1,726,658,000.00","21,186,093,660.00"
Halliburton Co,HAL,"858,342,000.00","35,458,108,020.00"
Hanesbrands Inc,HBI,"391,671,000.00","11,370,209,130.00"
Harley-Davidson Inc,HOG,"184,026,000.00","8,801,963,580.00"
Harman Intl Industries Inc,HAR,"71,142,000.00","5,460,859,920.00"
Harris Corp,HRS,"124,654,000.00","9,973,566,540.00"
Hartford Finl Services Group,HIG,"396,676,000.00","17,604,480,880.00"
Hasbro Inc,HAS,"124,795,000.00","10,562,648,800.00"
Helmerich & Payne Inc,HP,"108,011,000.00","7,141,687,320.00"
Hershey Foods Corp,HSY,"155,900,000.00","14,515,849,000.00"
Hess Corp,HES,"315,240,000.00","18,794,608,800.00"
Hewlett Packard Enterprise Co,HPE,"1,716,564,000.00","28,597,956,240.00"
Hologic Inc,HOLX,"283,818,000.00","9,533,446,620.00"
Home Depot Inc,HD,"1,267,881,000.00","169,756,587,090.00"
Honeywell Intl Inc,HON,"769,323,000.00","87,910,539,210.00"
Hormel Foods Corp,HRL,"529,918,000.00","20,428,338,900.00"
Horton D.R. Inc,DHI,"369,769,000.00","11,115,256,140.00"
Host Hotels & Resorts Inc,HST,"752,278,000.00","11,901,037,960.00"
Humana Inc,HUM,"148,303,000.00","26,260,012,210.00"
Hunt J.B. Transport Services,JBHT,"112,774,000.00","9,346,709,120.00"
Huntington Bancshares (OH),HBAN,"795,025,000.00","7,997,951,500.00"
Illinois Tool Works Inc,ITW,"363,767,000.00","38,020,926,840.00"
Illumina Inc,ILMN,"147,000,000.00","19,843,530,000.00"
Ingersoll-Rand Plc,IR,"256,848,000.00","16,833,817,920.00"
Intel Corp,INTC,"4,724,000,000.00","143,042,720,000.00"
Intercontinental Exchange Inc,ICE,"118,888,000.00","28,536,686,640.00"
Interpublic Group Cos,IPG,"402,130,000.00","9,224,862,200.00"
Intl Business Machines Corp,IBM,"960,881,000.00","140,230,973,140.00"
Intl Flavors & Fragrances,IFF,"79,868,000.00","9,541,829,960.00"
Intl Paper Co,IP,"411,158,000.00","17,790,806,660.00"
Intuit Inc,INTU,"256,821,000.00","25,910,670,690.00"
Intuitive Surgical Inc,ISRG,"37,380,000.00","23,413,336,800.00"
Invesco Ltd,IVZ,"416,416,000.00","12,913,060,160.00"
Iron Mountain Inc,IRM,"211,508,000.00","7,726,387,240.00"
JP Morgan Chase & Co,JPM,"3,670,265,000.00","231,960,748,000.00"
Jacobs Engineering Group Inc,JEC,"122,537,000.00","5,462,699,460.00"
Johnson & Johnson,JNJ,"2,759,359,000.00","309,268,956,720.00"
Johnson Controls Inc,JCI,"648,235,000.00","26,836,929,000.00"
Juniper Networks Inc,JNPR,"382,605,000.00","8,952,957,000.00"
KLA-Tencor Corporation,KLAC,"155,665,000.00","10,887,210,100.00"
Kansas City Southern Inc,KSU,"108,499,000.00","10,280,280,250.00"
Kellogg Co,K,"350,257,000.00","26,903,240,170.00"
KeyCorp,KEY,"835,606,000.00","10,269,597,740.00"
Kimberly-Clark,KMB,"360,900,000.00","45,181,071,000.00"
Kimco Realty Corp,KIM,"413,711,000.00","11,633,553,320.00"
Kinder Morgan Inc,KMI,"2,231,556,000.00","39,632,434,560.00"
Kohl's Corp,KSS,"189,820,000.00","8,409,026,000.00"
Kroger Co,KR,"974,723,000.00","34,495,446,970.00"
L Brands Inc,LB,"289,434,000.00","22,659,787,860.00"
L-3 Communications Holdings,LLL,"77,819,000.00","10,235,533,070.00"
Lab Corp of America Hldgs,LH,"101,700,000.00","12,745,044,000.00"
Lam Research Corp,LRCX,"158,894,000.00","12,139,501,600.00"
Legg Mason Inc,LM,"107,708,000.00","3,458,503,880.00"
Leggett & Platt,LEG,"135,695,000.00","6,688,406,550.00"
Lennar Corp A,LEN,"180,112,000.00","8,160,874,720.00"
Leucadia National Corp (NY),LUK,"362,243,000.00","6,042,213,240.00"
Level 3 Communications,LVLT,"356,840,000.00","18,648,458,400.00"
Lilly Eli & Co,LLY,"1,106,093,000.00","83,543,204,290.00"
Lincoln National Corp,LNC,"240,957,000.00","10,469,581,650.00"
Linear Technology Corp,LLTC,"239,346,000.00","10,646,110,080.00"
Lockheed Martin,LMT,"305,487,000.00","70,989,069,060.00"
Loews Corp,L,"338,998,000.00","13,451,440,640.00"
Lowe's Cos Inc,LOW,"915,105,000.00","69,566,282,100.00"
LyondellBasell Industries N.V.,LYB,"432,201,000.00","35,730,056,670.00"
M&T Bank Corp,MTB,"159,095,000.00","18,824,120,400.00"
Macerich Co,MAC,"149,150,000.00","11,347,332,000.00"
Macy's Inc,M,"310,300,000.00","12,284,777,000.00"
Mallinckrodt plc,MNK,"111,915,000.00","6,996,925,800.00"
Marathon Oil Corp,MRO,"843,637,000.00","11,886,845,330.00"
Marathon Petroleum Corp.,MPC,"529,227,000.00","20,682,191,160.00"
Marriott Intl A,MAR,"253,482,000.00","17,766,553,380.00"
Marsh & McLennan Companies,MMC,"521,227,000.00","32,915,485,050.00"
Martin Marietta Materials,MLM,"64,331,000.00","10,886,735,130.00"
Masco Corp,MAS,"333,932,000.00","10,255,051,720.00"
Mastercard Inc A,MA,"1,089,482,000.00","105,668,859,180.00"
Mattel Inc,MAT,"340,006,000.00","10,570,786,540.00"
McCormick & Co,MKC,"115,370,000.00","10,819,398,600.00"
McDonald's Corp,MCD,"901,608,000.00","114,044,395,920.00"
McKesson Corp,MCK,"228,587,000.00","38,361,470,340.00"
Mead Johnson Nutrition Co,MJN,"186,454,000.00","16,249,466,100.00"
Medtronic plc,MDT,"1,406,156,000.00","111,297,247,400.00"
Merck & Co Inc,MRK,"2,775,259,000.00","152,195,203,560.00"
Metlife Inc,MET,"1,096,667,000.00","49,459,681,700.00"
Michael Kors Holdings Ltd,KORS,"179,431,000.00","9,269,405,460.00"
Microchip Technology Inc,MCHP,"213,503,927.00","10,374,155,812.93"
Micron Technology Inc,MU,"1,037,456,000.00","11,152,652,000.00"
Microsoft Corp,MSFT,"7,909,303,000.00","394,436,940,610.00"
Mohawk Industries Inc,MHK,"73,957,000.00","14,246,336,910.00"
Molson Coors Brewing Co B,TAP,"208,895,000.00","19,976,628,850.00"
Mondelez International Inc,MDLZ,"1,568,858,000.00","67,398,139,680.00"
Monsanto Co.,MON,"440,355,000.00","41,252,456,400.00"
Monster Beverage Corp New,MNST,"202,920,000.00","29,265,122,400.00"
Moody's Corp,MCO,"194,900,000.00","18,655,828,000.00"
Morgan Stanley,MS,"1,958,569,000.00","52,998,877,140.00"
Mosaic Co,MOS,"352,516,000.00","9,866,922,840.00"
Motorola Solutions Inc,MSI,"174,338,000.00","13,108,474,220.00"
Murphy Oil Corp,MUR,"172,034,000.00","6,148,495,160.00"
Mylan NV,MYL,"490,688,000.00","20,466,596,480.00"
NIKE Inc B,NKE,"1,349,897,000.00","79,562,929,180.00"
NRG Energy,NRG,"314,891,000.00","4,754,854,100.00"
Nasdaq Inc,NDAQ,"163,888,000.00","10,113,528,480.00"
National Oilwell Varco Inc,NOV,"375,801,000.00","13,543,868,040.00"
Navient Corp,NAVI,"342,817,000.00","4,686,308,390.00"
NetApp Inc,NTAP,"289,083,000.00","6,833,922,120.00"
NetFlix Inc,NFLX,"428,080,000.00","38,540,042,400.00"
Newell Brands Inc,NWL,"456,758,972.00","20,800,803,584.88"
Newfield Exploration Co,NFX,"198,133,000.00","7,182,321,250.00"
Newmont Mining Corp,NEM,"529,162,000.00","18,504,795,140.00"
News Corp A,NWSA,"379,983,000.00","4,719,388,860.00"
News Corp B,NWS,"199,630,000.00","2,587,204,800.00"
NextEra Energy Inc,NEE,"460,600,000.00","54,157,348,000.00"
Nielsen Holdings plc,NLSN,"361,879,000.00","18,868,371,060.00"
Nisource Inc,NI,"319,742,000.00","7,261,340,820.00"
Noble Energy Inc,NBL,"428,843,000.00","15,485,520,730.00"
Nordstrom Inc,JWN,"173,500,000.00","8,871,055,000.00"
Norfolk Southern Corp,NSC,"298,199,000.00","26,870,711,890.00"
Northern Trust Corp (IL),NTRS,"228,984,000.00","16,276,182,720.00"
Northrop Grumman Corp,NOC,"180,943,000.00","37,321,303,180.00"
Nucor Corp,NUE,"317,941,000.00","15,827,102,980.00"
Nvidia Corp,NVDA,"538,000,000.00","19,115,140,000.00"
O'Reilly Automotive,ORLY,"97,189,000.00","25,529,606,520.00"
ONEOK Inc,OKE,"209,990,000.00","7,591,138,500.00"
Occidental Petroleum,OXY,"763,845,000.00","58,548,719,250.00"
Omnicom Group,OMC,"239,591,000.00","19,878,865,270.00"
Oracle Corp,ORCL,"4,201,220,000.00","167,460,629,200.00"
Owens-Illinois Inc,OI,"160,982,000.00","2,971,727,720.00"
PACCAR Inc,PCAR,"351,359,000.00","20,698,558,690.00"
PG&E Corporation,PCG,"492,830,000.00","28,682,706,000.00"
PNC Finl Services Group,PNC,"501,105,000.00","43,986,996,900.00"
PPG Industries Inc,PPG,"266,766,000.00","29,448,298,740.00"
PPL Corp,PPL,"673,857,000.00","25,363,977,480.00"
PVH Corp,PVH,"81,946,000.00","7,834,037,600.00"
Parker-Hannifin Corp,PH,"135,103,000.00","15,674,650,060.00"
Patterson Cos Inc,PDCO,"99,430,000.00","4,310,290,500.00"
PayPal Holdings Inc.,PYPL,"1,222,676,000.00","47,904,445,680.00"
Paychex Inc,PAYX,"360,946,000.00","18,812,505,520.00"
Pentair PLC,PNR,"182,442,000.00","10,596,231,360.00"
People's United Financial Inc,PBCT,"310,440,000.00","4,811,820,000.00"
PepsiCo Inc,PEP,"1,445,413,000.00","148,819,722,480.00"
PerkinElmer Inc,PKI,"109,789,000.00","5,535,561,380.00"
Perrigo Company plc,PRGO,"146,402,000.00","14,152,681,340.00"
Pfizer Inc,PFE,"6,048,140,000.00","197,834,659,400.00"
Philip Morris International,PM,"1,549,347,000.00","152,021,927,640.00"
Phillips 66,PSX,"527,460,000.00","43,309,740,600.00"
Pinnacle West Capital (AZ),PNW,"111,005,000.00","8,064,513,250.00"
Pioneer Natural Resources,PXD,"163,267,000.00","27,118,648,700.00"
Pitney Bowes Inc,PBI,"191,561,000.00","4,017,034,170.00"
Praxair Inc,PX,"284,836,000.00","33,456,836,560.00"
Principal Financial Group,PFG,"291,626,000.00","12,446,597,680.00"
ProLogis Inc,PLD,"524,774,000.00","23,829,987,340.00"
Procter & Gamble,PG,"2,652,566,000.00","212,523,587,920.00"
Progressive Corp,PGR,"584,328,000.00","19,049,092,800.00"
Prudential Financial Inc,PRU,"446,000,000.00","34,627,440,000.00"
Public Service Enterprise Grp,PEG,"506,435,000.00","23,361,846,550.00"
Public Storage,PSA,"173,269,000.00","42,417,983,890.00"
Pulte Group Inc,PHM,"349,148,000.00","6,420,831,720.00"
QUALCOMM Inc,QCOM,"1,494,887,000.00","75,521,691,240.00"
"Qorvo, Inc",QRVO,"129,105,000.00","5,813,598,150.00"
Quanta Services Inc,PWR,"159,783,000.00","3,790,052,760.00"
Quest Diagnostics,DGX,"142,759,000.00","10,731,194,030.00"
Ralph Lauren Corp A,RL,"58,133,000.00","5,418,576,930.00"
Range Resources Corp,RRC,"169,586,000.00","7,480,438,460.00"
Raytheon Co,RTN,"298,998,000.00","37,778,397,300.00"
Realty Income Corp,O,"250,417,000.00","14,824,686,400.00"
Red Hat Inc,RHT,"182,625,000.00","13,399,196,250.00"
Regeneron Pharmaceuticals Inc,REGN,"102,735,000.00","38,701,301,850.00"
Regions Financial Corp,RF,"1,287,827,000.00","12,079,817,260.00"
Republic Services Inc,RSG,"344,870,000.00","16,233,030,900.00"
Reynolds American Inc,RAI,"1,427,340,000.00","70,796,064,000.00"
Robert Half Intl Inc,RHI,"131,157,000.00","5,024,624,670.00"
Rockwell Automation Inc,ROK,"131,423,000.00","14,912,567,810.00"
Rockwell Collins,COL,"131,131,000.00","11,564,442,890.00"
"Roper Technologies, Inc",ROP,"101,065,000.00","17,796,535,850.00"
Ross Stores Inc,ROST,"405,005,000.00","22,996,183,900.00"
Royal Caribbean Cruises Ltd,RCL,"217,409,000.00","16,827,456,600.00"
Ryder System Inc,R,"53,494,000.00","3,686,806,480.00"
S&P Global Inc,SPGI,"265,300,000.00","28,347,305,000.00"
SCANA Corp,SCG,"142,917,000.00","9,816,968,730.00"
SL Green Realty Corp,SLG,"100,055,000.00","10,513,779,400.00"
Salesforce.com,CRM,"670,900,000.00","50,854,220,000.00"
SanDisk Corp,SNDK,"201,014,000.00","15,102,181,820.00"
Schein Henry Inc,HSIC,"81,942,000.00","13,823,615,400.00"
Schlumberger Ltd,SLB,"1,390,411,884.00","111,705,690,760.56"
Schwab Charles Corp,SCHW,"1,320,523,000.00","37,516,058,430.00"
Scripps Networks Interactive A,SNI,"94,864,000.00","5,914,770,400.00"
Seagate Technology,STX,"296,422,000.00","6,453,106,940.00"
Sealed Air Corp,SEE,"195,990,000.00","9,282,086,400.00"
Sempra Energy,SRE,"248,208,000.00","25,652,296,800.00"
Sherwin-Williams Co,SHW,"92,270,000.00","26,510,093,700.00"
Signet Jewelers Ltd,SIG,"79,532,000.00","8,633,993,920.00"
Simon Property Group A,SPG,"309,413,000.00","62,244,613,210.00"
Skyworks Solutions Inc,SWKS,"191,668,000.00","12,807,255,760.00"
Smucker J.M. Co,SJM,"119,684,000.00","15,197,474,320.00"
Snap On Inc,SNA,"58,092,000.00","9,252,893,760.00"
Southern Co,SO,"912,847,000.00","45,733,634,700.00"
Southwest Airlines Co,LUV,"638,070,000.00","28,464,302,700.00"
Southwestern Energy Co,SWN,"389,664,000.00","5,233,187,520.00"
Spectra Energy Corp,SE,"671,500,000.00","20,997,805,000.00"
St Jude Medical Inc,STJ,"283,617,000.00","21,611,615,400.00"
Stanley Black & Decker,SWK,"152,335,000.00","17,049,333,200.00"
Staples Inc,SPLS,"645,757,000.00","6,586,721,400.00"
Starbucks Corp,SBUX,"1,478,100,000.00","83,113,563,000.00"
Starwood Hotel & Resort World,HOT,"168,760,000.00","13,818,068,800.00"
State Street Corp,STT,"400,017,000.00","24,921,059,100.00"
Stericycle Inc,SRCL,"84,985,000.00","8,121,166,600.00"
Stryker Corp,SYK,"372,982,000.00","40,658,767,820.00"
SunTrust Banks Inc (GA),STI,"505,000,000.00","21,078,700,000.00"
Symantec Corp,SYMC,"609,923,000.00","10,152,168,335.00"
Synchrony Financial,SYF,"833,829,000.00","25,490,152,530.00"
Sysco Corp,SYY,"564,603,000.00","26,011,260,210.00"
T Rowe Price Group Inc,TROW,"248,179,000.00","18,685,396,910.00"
TE Connectivity Ltd.,TEL,"369,678,000.00","21,988,447,440.00"
TECO Energy Inc,TE,"235,495,000.00","6,539,696,150.00"
TEGNA Inc,TGNA,"219,720,000.00","5,132,659,200.00"
TJX Cos Inc,TJX,"669,529,000.00","50,763,688,780.00"
Target Corp,TGT,"602,227,000.00","47,877,046,500.00"
Teradata Corp,TDC,"133,000,000.00","3,364,900,000.00"
Tesoro Corp,TSO,"119,300,000.00","9,507,017,000.00"
Texas Instruments Inc,TXN,"1,005,258,000.00","57,339,916,320.00"
Textron Inc,TXT,"271,172,000.00","10,488,932,960.00"
The ADT Corp.,ADT,"165,319,000.00","6,940,091,620.00"
The Bank of New York Mellon Corp,BK,"1,075,801,000.00","43,290,232,240.00"
The Kraft Heinz Company,KHC,"1,213,456,000.00","94,734,509,920.00"
The Priceline Group Inc,PCLN,"49,617,000.00","66,668,378,220.00"
The Williams Companies Inc,WMB,"750,066,000.00","14,543,779,740.00"
Thermo Fisher Scientific,TMO,"396,262,000.00","57,160,793,500.00"
Tiffany & Co,TIF,"128,212,000.00","9,147,926,200.00"
Time Warner Cable Inc,TWC,"283,270,000.00","60,084,399,700.00"
Time Warner Inc,TWX,"790,154,000.00","59,372,171,560.00"
Torchmark Corp,TMK,"121,265,000.00","7,020,030,850.00"
Total System Services Inc,TSS,"183,169,000.00","9,367,262,660.00"
Tractor Supply Co,TSCO,"133,740,000.00","12,659,828,400.00"
Transocean Ltd,RIG,"364,114,000.00","4,034,383,120.00"
Travelers Cos Inc,TRV,"294,977,000.00","32,417,972,300.00"
TripAdvisor Inc. A,TRIP,"132,465,000.00","8,555,914,350.00"
Twenty-First Century Fox Inc A,FOXA,"1,119,447,000.00","33,874,466,220.00"
Twenty-First Century Fox Inc B,FOX,"798,521,000.00","24,051,452,520.00"
Tyco Intl,TYC,"424,619,000.00","16,356,323,880.00"
Tyson Foods Inc A,TSN,"293,094,000.00","19,291,447,080.00"
UDR Inc,UDR,"267,133,000.00","9,328,284,360.00"
US Bancorp,USB,"1,737,316,000.00","74,166,020,040.00"
Ulta Salon Cosmetics & Fragr,ULTA,"63,699,000.00","13,267,227,720.00"
Under Armour Inc A,UA,"181,650,000.00","7,981,701,000.00"
Under Armour Inc-C,UA.C,"181,650,000.00","7,411,320,000.00"
Union Pacific Corp,UNP,"846,414,000.00","73,832,693,220.00"
United Continental Holding Inc,UAL,"359,485,000.00","16,468,007,850.00"
United Parcel Service Inc B,UPS,"690,181,000.00","72,517,317,670.00"
United Rentals Inc,URI,"90,970,000.00","6,088,622,100.00"
United Technologies Corp,UTX,"836,432,000.00","87,298,407,840.00"
Unitedhealth Group Inc,UNH,"950,674,000.00","125,184,752,320.00"
Universal Health Services B,UHS,"90,385,000.00","12,082,666,800.00"
Unum Group,UNM,"238,857,000.00","8,171,297,970.00"
Urban Outfitters,URBN,"117,321,000.00","3,557,172,720.00"
VF Corp,VFC,"424,475,000.00","26,763,148,750.00"
Valero Energy Corp,VLO,"470,393,000.00","27,692,035,910.00"
Varian Medical Systems Inc,VAR,"95,503,000.00","7,752,933,540.00"
Ventas Inc,VTR,"336,070,000.00","20,876,668,400.00"
VeriSign Inc,VRSN,"109,469,000.00","9,458,121,600.00"
Verisk Analytics Inc,VRSK,"168,034,000.00","13,036,077,720.00"
Verizon Communications Inc,VZ,"4,073,841,000.00","207,521,460,540.00"
Vertex Pharmaceuticals Inc,VRTX,"246,392,000.00","20,780,701,280.00"
Viacom Inc B,VIAB,"346,456,000.00","14,170,050,400.00"
Visa Inc A,V,"1,919,131,000.00","148,233,678,440.00"
Vornado Realty Trust,VNO,"188,577,000.00","18,052,476,210.00"
Vulcan Materials Co,VMC,"133,181,000.00","14,334,271,030.00"
WEC Energy Group Inc,WEC,"315,652,000.00","18,374,102,920.00"
Wal-Mart Stores,WMT,"3,201,893,000.00","214,110,584,910.00"
Walgreens Boots Alliance Inc,WBA,"1,078,747,000.00","85,523,062,160.00"
Walt Disney Co,DIS,"1,631,570,000.00","168,475,918,200.00"
Waste Management Inc,WM,"445,652,000.00","26,199,881,080.00"
Waters Corp,WAT,"81,254,000.00","10,576,020,640.00"
Wells Fargo & Co,WFC,"5,076,712,000.00","253,734,065,760.00"
Welltower Inc,HCN,"355,141,000.00","24,653,888,220.00"
WestRock Co,WRK,"253,849,000.00","10,623,580,650.00"
Western Digital Corp,WDC,"232,770,000.00","9,512,146,050.00"
Western Union Co,WU,"501,914,000.00","10,038,280,000.00"
Weyerhaeuser Co,WY,"789,393,000.00","25,355,303,160.00"
Whirlpool Corp,WHR,"77,233,000.00","13,449,354,620.00"
Whole Foods Market Inc,WFM,"324,616,000.00","9,439,833,280.00"
Willis Towers Watson PLC,WLTW,"138,172,000.00","17,257,682,800.00"
Wyndham Worldwide Corp,WYN,"112,508,000.00","7,982,442,600.00"
Wynn Resorts Ltd,WYNN,"101,750,000.00","8,984,525,000.00"
XL Group Plc,XL,"291,795,000.00","9,550,450,350.00"
Xcel Energy Inc,XEL,"507,554,000.00","20,317,386,620.00"
Xerox Corp,XRX,"1,012,900,000.00","9,723,840,000.00"
Xilinx Inc,XLNX,"255,540,000.00","11,008,663,200.00"
Xylem Inc,XYL,"178,486,000.00","7,457,145,080.00"
Yahoo Inc,YHOO,"946,812,000.00","34,653,319,200.00"
Yum! Brands Inc,YUM,"408,712,000.00","32,517,126,720.00"
Zimmer Biomet Holdings Inc,ZBH,"198,834,000.00","23,019,012,180.00"
Zions Bancorp (UT),ZION,"204,507,000.00","5,628,032,640.00"
Zoetis Inc,ZTS,"497,160,000.00","23,381,434,800.00"
eBay Inc.,EBAY,"1,178,705,000.00","28,795,763,150.00"